<?xml version="1.0" encoding="UTF-8" ?>
<!DOCTYPE mapper PUBLIC "-//mybatis.org//DTD Mapper 3.0//EN" "http://mybatis.org/dtd/mybatis-3-mapper.dtd" >
<mapper namespace="com.cygoat.dao.SysUserMapper" >
  <resultMap id="BaseResultMap" type="com.cygoat.model.SysUser" >
    <id column="ID" property="id" jdbcType="VARCHAR" />
    <result column="ACCOUNT" property="account" jdbcType="VARCHAR" />
    <result column="PASSWORD" property="password" jdbcType="VARCHAR" />
    <result column="USERNAME" property="username" jdbcType="VARCHAR" />
    <result column="EMAIL" property="email" jdbcType="VARCHAR" />
    <result column="TEL" property="tel" jdbcType="VARCHAR" />
    <result column="MOBILE" property="mobile" jdbcType="VARCHAR" />
    <result column="SYSTEM_CODE" property="systemCode" jdbcType="VARCHAR" />
    <result column="LOGIC_STATUS" property="logicStatus" jdbcType="VARCHAR" />
    <result column="CREATE_TIME" property="createTime" jdbcType="TIMESTAMP" />
    <result column="CREATOR" property="creator" jdbcType="VARCHAR" />
    <result column="MODIFY_TIME" property="modifyTime" jdbcType="TIMESTAMP" />
    <result column="MODIFIER" property="modifier" jdbcType="VARCHAR" />
  </resultMap>
  <sql id="Base_Column_List" >
    ID, ACCOUNT, PASSWORD, USERNAME, EMAIL, TEL, MOBILE, SYSTEM_CODE, LOGIC_STATUS, CREATE_TIME, 
    CREATOR, MODIFY_TIME, MODIFIER
  </sql>
  <select id="selectByPrimaryKey" resultMap="BaseResultMap" parameterType="java.lang.String" >
    select 
    <include refid="Base_Column_List" />
    from sys_user
    where ID = #{id,jdbcType=VARCHAR}
  </select>
  <delete id="deleteByPrimaryKey" parameterType="java.lang.String" >
    delete from sys_user
    where ID = #{id,jdbcType=VARCHAR}
  </delete>
  <insert id="insert" parameterType="com.cygoat.model.SysUser" >
    insert into sys_user (ID, ACCOUNT, PASSWORD, 
      USERNAME, EMAIL, TEL, 
      MOBILE, SYSTEM_CODE, LOGIC_STATUS, 
      CREATE_TIME, CREATOR, MODIFY_TIME, 
      MODIFIER)
    values (#{id,jdbcType=VARCHAR}, #{account,jdbcType=VARCHAR}, #{password,jdbcType=VARCHAR}, 
      #{username,jdbcType=VARCHAR}, #{email,jdbcType=VARCHAR}, #{tel,jdbcType=VARCHAR}, 
      #{mobile,jdbcType=VARCHAR}, #{systemCode,jdbcType=VARCHAR}, #{logicStatus,jdbcType=VARCHAR}, 
      #{createTime,jdbcType=TIMESTAMP}, #{creator,jdbcType=VARCHAR}, #{modifyTime,jdbcType=TIMESTAMP}, 
      #{modifier,jdbcType=VARCHAR})
  </insert>
  <insert id="insertSelective" parameterType="com.cygoat.model.SysUser" >
    insert into sys_user
    <trim prefix="(" suffix=")" suffixOverrides="," >
      <if test="id != null" >
        ID,
      </if>
      <if test="account != null" >
        ACCOUNT,
      </if>
      <if test="password != null" >
        PASSWORD,
      </if>
      <if test="username != null" >
        USERNAME,
      </if>
      <if test="email != null" >
        EMAIL,
      </if>
      <if test="tel != null" >
        TEL,
      </if>
      <if test="mobile != null" >
        MOBILE,
      </if>
      <if test="systemCode != null" >
        SYSTEM_CODE,
      </if>
      <if test="logicStatus != null" >
        LOGIC_STATUS,
      </if>
      <if test="createTime != null" >
        CREATE_TIME,
      </if>
      <if test="creator != null" >
        CREATOR,
      </if>
      <if test="modifyTime != null" >
        MODIFY_TIME,
      </if>
      <if test="modifier != null" >
        MODIFIER,
      </if>
    </trim>
    <trim prefix="values (" suffix=")" suffixOverrides="," >
      <if test="id != null" >
        #{id,jdbcType=VARCHAR},
      </if>
      <if test="account != null" >
        #{account,jdbcType=VARCHAR},
      </if>
      <if test="password != null" >
        #{password,jdbcType=VARCHAR},
      </if>
      <if test="username != null" >
        #{username,jdbcType=VARCHAR},
      </if>
      <if test="email != null" >
        #{email,jdbcType=VARCHAR},
      </if>
      <if test="tel != null" >
        #{tel,jdbcType=VARCHAR},
      </if>
      <if test="mobile != null" >
        #{mobile,jdbcType=VARCHAR},
      </if>
      <if test="systemCode != null" >
        #{systemCode,jdbcType=VARCHAR},
      </if>
      <if test="logicStatus != null" >
        #{logicStatus,jdbcType=VARCHAR},
      </if>
      <if test="createTime != null" >
        #{createTime,jdbcType=TIMESTAMP},
      </if>
      <if test="creator != null" >
        #{creator,jdbcType=VARCHAR},
      </if>
      <if test="modifyTime != null" >
        #{modifyTime,jdbcType=TIMESTAMP},
      </if>
      <if test="modifier != null" >
        #{modifier,jdbcType=VARCHAR},
      </if>
    </trim>
  </insert>
  <update id="updateByPrimaryKeySelective" parameterType="com.cygoat.model.SysUser" >
    update sys_user
    <set >
      <if test="account != null" >
        ACCOUNT = #{account,jdbcType=VARCHAR},
      </if>
      <if test="password != null" >
        PASSWORD = #{password,jdbcType=VARCHAR},
      </if>
      <if test="username != null" >
        USERNAME = #{username,jdbcType=VARCHAR},
      </if>
      <if test="email != null" >
        EMAIL = #{email,jdbcType=VARCHAR},
      </if>
      <if test="tel != null" >
        TEL = #{tel,jdbcType=VARCHAR},
      </if>
      <if test="mobile != null" >
        MOBILE = #{mobile,jdbcType=VARCHAR},
      </if>
      <if test="systemCode != null" >
        SYSTEM_CODE = #{systemCode,jdbcType=VARCHAR},
      </if>
      <if test="logicStatus != null" >
        LOGIC_STATUS = #{logicStatus,jdbcType=VARCHAR},
      </if>
      <if test="createTime != null" >
        CREATE_TIME = #{createTime,jdbcType=TIMESTAMP},
      </if>
      <if test="creator != null" >
        CREATOR = #{creator,jdbcType=VARCHAR},
      </if>
      <if test="modifyTime != null" >
        MODIFY_TIME = #{modifyTime,jdbcType=TIMESTAMP},
      </if>
      <if test="modifier != null" >
        MODIFIER = #{modifier,jdbcType=VARCHAR},
      </if>
    </set>
    where ID = #{id,jdbcType=VARCHAR}
  </update>
  <update id="updateByPrimaryKey" parameterType="com.cygoat.model.SysUser" >
    update sys_user
    set ACCOUNT = #{account,jdbcType=VARCHAR},
      PASSWORD = #{password,jdbcType=VARCHAR},
      USERNAME = #{username,jdbcType=VARCHAR},
      EMAIL = #{email,jdbcType=VARCHAR},
      TEL = #{tel,jdbcType=VARCHAR},
      MOBILE = #{mobile,jdbcType=VARCHAR},
      SYSTEM_CODE = #{systemCode,jdbcType=VARCHAR},
      LOGIC_STATUS = #{logicStatus,jdbcType=VARCHAR},
      CREATE_TIME = #{createTime,jdbcType=TIMESTAMP},
      CREATOR = #{creator,jdbcType=VARCHAR},
      MODIFY_TIME = #{modifyTime,jdbcType=TIMESTAMP},
      MODIFIER = #{modifier,jdbcType=VARCHAR}
    where ID = #{id,jdbcType=VARCHAR}
  </update>
</mapper>