<?xml version="1.0" encoding="UTF-8"?>
<beans xmlns="http://www.springframework.org/schema/beans"
	xmlns:context="http://www.springframework.org/schema/context"
	xmlns:mvc="http://www.springframework.org/schema/mvc" xmlns:xsi="http://www.w3.org/2001/XMLSchema-instance"
	xsi:schemaLocation="http://www.springframework.org/schema/beans 
						http://www.springframework.org/schema/beans/spring-beans-3.0.xsd 
						http://www.springframework.org/schema/context 
						http://www.springframework.org/schema/context/spring-context-3.0.xsd 
						http://www.springframework.org/schema/mvc 
						http://www.springframework.org/schema/mvc/spring-mvc-3.0.xsd">

	<!-- 默认开启spring mvc注解相关配置 -->
	<mvc:annotation-driven></mvc:annotation-driven>
	<!-- spring mvc 扫描路径 -->
	<context:component-scan base-package="com.springmvctest.controller" />
	
	<bean class="com.springmvctest.handler.HandlerException"></bean>
	
	<bean id="multipartResolver" class="org.springframework.web.multipart.commons.CommonsMultipartResolver"></bean>
	
	<!-- spring mvc 视图解析 -->
	<bean
		class="org.springframework.web.servlet.view.InternalResourceViewResolver">
		<property name="prefix" value="jsp/" />
		<property name="suffix" value=".jsp" />
	</bean>

</beans>